id,timestamp,prompt
3,1666254015.8280053,Cyberpunk style image of a Tesla car reflection in rain
4,1666254020.8375807,Cyberpunk style image of a Tesla car reflection in rain
5,1666254025.8477468,Cyberpunk style image of a Tesla car reflection in rain
6,1666254030.857377,Cyberpunk style image of a Tesla car reflection in rain
7,1666254035.8666997,Cyberpunk style image of a Tesla car reflection in rain
8,1666254040.8763204,Cyberpunk style image of a Tesla car reflection in rain
9,1666254045.88631,Cyberpunk style image of a Tesla car reflection in rain
10,1666254051.0500598,Cyberpunk style image of a Tesla car reflection in rain
11,1666254056.3698068,Cyberpunk style image of a Tesla car reflection in rain
12,1666254061.3871384,Cyberpunk style image of a Tesla car reflection in rain
13,1666254066.399154,Cyberpunk style image of a Tesla car reflection in rain
14,1666254071.4110246,Cyberpunk style image of a Tesla car reflection in rain
15,1666254076.429139,Cyberpunk style image of a Tesla car reflection in rain
16,1666254081.4399111,Cyberpunk style image of a Tesla car reflection in rain
17,1666254086.4535103,Cyberpunk style image of a Tesla car reflection in rain
18,1666254091.473061,Cyberpunk style image of a Tesla car reflection in rain
19,1666254096.4920788,Cyberpunk style image of a Tesla car reflection in rain
20,1666254101.5036006,Cyberpunk style image of a Tesla car reflection in rain
21,1666254106.5221398,Cyberpunk style image of a Tesla car reflection in rain
22,1666254111.5439398,Cyberpunk style image of a Tesla car reflection in rain
23,1666254116.5932696,Cyberpunk style image of a Tesla car reflection in rain
24,1666254121.6050422,Cyberpunk style image of a Tesla car reflection in rain
25,1666254126.6139598,Cyberpunk style image of a Tesla car reflection in rain
26,1666254131.624707,Cyberpunk style image of a Tesla car reflection in rain
27,1666254136.6426842,Cyberpunk style image of a Tesla car reflection in rain
28,1666254141.6617355,Cyberpunk style image of a Tesla car reflection in rain
29,1666254146.6718884,Cyberpunk style image of a Tesla car reflection in rain
30,1666254151.6901498,Cyberpunk style image of a Tesla car reflection in rain
31,1666254156.707695,Cyberpunk style image of a Tesla car reflection in rain
32,1666254161.718276,Cyberpunk style image of a Tesla car reflection in rain
33,1666254166.7352014,Cyberpunk style image of a Tesla car reflection in rain
34,1666254171.7456546,Cyberpunk style image of a Tesla car reflection in rain
35,1666254176.764133,Cyberpunk style image of a Tesla car reflection in rain
36,1666254181.7829542,Cyberpunk style image of a Tesla car reflection in rain
37,1666254186.7933166,Cyberpunk style image of a Tesla car reflection in rain
38,1666254191.8037682,Cyberpunk style image of a Tesla car reflection in rain
39,1666254196.8137088,Cyberpunk style image of a Tesla car reflection in rain
40,1666254201.8237145,Cyberpunk style image of a Tesla car reflection in rain
41,1666254206.8353436,Cyberpunk style image of a Tesla car reflection in rain
42,1666254211.8557725,Cyberpunk style image of a Tesla car reflection in rain
43,1666254216.8635824,Cyberpunk style image of a Tesla car reflection in rain
44,1666254221.874273,Cyberpunk style image of a Tesla car reflection in rain
45,1666254226.8844397,Cyberpunk style image of a Tesla car reflection in rain
46,1666254231.8962383,Cyberpunk style image of a Tesla car reflection in rain
47,1666254236.9034934,Cyberpunk style image of a Tesla car reflection in rain
48,1666254241.9151564,Cyberpunk style image of a Tesla car reflection in rain
49,1666254246.9278464,Cyberpunk style image of a Tesla car reflection in rain
50,1666254251.9387538,Cyberpunk style image of a Tesla car reflection in rain
